id,pseudo,email,niveau,pv,pm
1,dingleton0,broyse0@g.co,54,405,178
2,aducarme1,cunger1@over-blog.com,6,39,162
3,dgawkes2,mciciotti2@biglobe.ne.jp,20,152,183
4,cbilling3,aedis3@nbcnews.com,61,482,703
5,rvanderwalt4,acount4@home.pl,25,676,142
6,bwalford5,ckinnin5@hugedomains.com,3,927,142
7,cfaiers6,blaherty6@blogger.com,41,215,664
8,nscargill7,lbrinkman7@zimbio.com,48,220,523
9,aliversidge8,cnuzzi8@boston.com,47,87,695
10,bheikkinen9,wfernie9@mayoclinic.com,54,470,958
11,dperrellia,bfearicka@odnoklassniki.ru,3,545,284
12,hfolinib,lallportb@exblog.jp,1,750,13
13,cdustc,lstandagec@yellowbook.com,4,20,646
14,jdebischopd,ebickerdicked@gravatar.com,3,729,113
15,cmackennye,iboerdermane@ocn.ne.jp,20,835,419
16,bsiberyf,gpepallf@webnode.com,24,178,57
17,rchappelg,hdalrympleg@reddit.com,16,71,304
18,dpapworthh,igowthorpeh@google.cn,52,451,580
19,nmonkemani,ksutherleyi@google.pl,19,550,977
20,rmattkej,mtroucherj@dropbox.com,16,808,190
21,mhadyek,hgemlettk@miitbeian.gov.cn,30,982,882
22,nviciosol,rhedlingl@hc360.com,27,975,553
23,nbyarsm,nmakiverm@scribd.com,20,882,158
24,chandasyden,erubensn@comsenz.com,26,353,841
25,estonallo,klageno@joomla.org,54,632,132
26,hgaveltonep,dmanneringp@desdev.cn,60,123,122
27,pmacklamq,bverseyq@sfgate.com,20,669,394
28,aivshinr,kronchkar@mediafire.com,32,486,535
29,cmacivers,kbacups@ted.com,41,495,689
30,msawartt,bdoellet@sakura.ne.jp,2,636,96
31,sturrillu,dwilfordu@vk.com,36,710,341
32,cpaylorv,hvanyukovv@sourceforge.net,23,407,270
33,dmarchingtonw,lpenkmanw@webeden.co.uk,38,222,880
34,bwalheddx,zenderbyx@sogou.com,28,493,406
35,atinmany,cmityushkiny@engadget.com,54,894,209
36,lguisoz,ekolodziejz@xing.com,51,181,705
37,jgonnet10,fologan10@bigcartel.com,55,906,257
38,cclother11,ichesterton11@usa.gov,5,135,841
39,sjakubovics12,mbridat12@bandcamp.com,27,836,307
40,rjellybrand13,epowe13@biglobe.ne.jp,24,957,683
41,tjaksic14,aclemett14@1und1.de,51,641,339
42,lmobley15,gclaworth15@bandcamp.com,26,848,912
43,mkorlat16,pcohan16@usgs.gov,5,410,569
44,cjowitt17,mouver17@china.com.cn,43,158,464
45,blabitt18,tgilloran18@addthis.com,45,976,564
46,ggossling19,lhukin19@seattletimes.com,24,944,232
47,amclenahan1a,emitskevich1a@ocn.ne.jp,32,790,516
48,dvalder1b,nbilham1b@artisteer.com,38,106,437
49,bkarran1c,csante1c@reference.com,21,315,168
50,smoyers1d,enickless1d@themeforest.net,17,361,181
51,jkernley1e,pcolenutt1e@dot.gov,6,768,468
52,cklinck1f,egidney1f@linkedin.com,33,712,48
53,nmyderscough1g,mlockery1g@npr.org,22,995,776
54,sbrackley1h,methersey1h@oracle.com,38,255,372
55,htewkesbury1i,ghardington1i@toplist.cz,23,980,796
56,dsacchetti1j,lbyrch1j@com.com,33,350,49
57,cpetrello1k,scummings1k@epa.gov,48,453,391
58,oburger1l,rberks1l@meetup.com,7,797,339
59,aspackman1m,esherville1m@ow.ly,22,462,758
60,jrolingson1n,hbaroche1n@friendfeed.com,33,345,52
61,emeasham1o,mdering1o@cnet.com,36,866,543
62,rranyelld1p,vstannas1p@bravesites.com,7,869,597
63,clivingstone1q,sstede1q@surveymonkey.com,17,934,833
64,mmonksfield1r,cdeacon1r@dot.gov,6,326,406
65,rpauluzzi1s,ctunnah1s@google.com.br,8,640,242
66,ytenpenny1t,mquainton1t@icio.us,39,914,293
67,lmcgee1u,cmussotti1u@wikipedia.org,24,40,405
68,dgiffon1v,bseckom1v@google.de,61,149,763
69,emacgee1w,wjacobsson1w@macromedia.com,26,117,368
70,rpendrid1x,vclitherow1x@uiuc.edu,1,294,197
71,ktabord1y,dchaucer1y@twitter.com,41,607,509
72,trenn1z,rleheude1z@latimes.com,24,935,978
73,dholttom20,pnaisby20@list-manage.com,61,884,187
74,egarraway21,aducker21@java.com,52,819,779
75,twoolliams22,koconnolly22@seattletimes.com,39,547,775
76,sdraper23,sosgodby23@quantcast.com,54,230,452
77,drubinowitz24,tyexley24@w3.org,15,670,166
78,cdukesbury25,cbeaudry25@mtv.com,35,178,270
79,asiemianowicz26,gmarsters26@wikimedia.org,55,681,224
80,nalentyev27,zpeirson27@bizjournals.com,38,560,80
81,bknowlys28,lstandishbrooks28@fotki.com,17,673,883
82,cdeeves29,bgwilt29@friendfeed.com,40,90,829
83,lgrayland2a,vlucks2a@phpbb.com,58,220,777
84,dburniston2b,chaswall2b@auda.org.au,36,425,971
85,lfeldmesser2c,rcollocott2c@independent.co.uk,42,635,932
86,tfirebrace2d,kbadger2d@mayoclinic.com,53,541,522
87,sbarbie2e,dvaliant2e@indiegogo.com,27,627,257
88,kcowan2f,sgiacoboni2f@latimes.com,45,109,168
89,hdouble2g,hscyner2g@weebly.com,41,696,699
90,gdruce2h,sogriffin2h@lulu.com,17,517,928
91,atickle2i,awilsey2i@ask.com,45,97,75
92,wouthwaite2j,ryaldren2j@multiply.com,23,49,503
93,aelkin2k,hoscallan2k@dagondesign.com,49,130,124
94,dsyversen2l,wscaice2l@berkeley.edu,29,170,669
95,gquillinane2m,ljosuweit2m@geocities.com,28,494,921
96,mwaldren2n,womeara2n@deliciousdays.com,24,927,56
97,wcovotti2o,bmaymand2o@google.co.jp,43,687,910
98,nflaune2p,khaddington2p@miitbeian.gov.cn,38,929,230
99,msponer2q,dwolfer2q@microsoft.com,44,548,193
100,agullivan2r,shigounet2r@amazonaws.com,13,426,507
101,mdoumenc2s,omuglestone2s@ed.gov,20,587,966
102,napplegarth2t,mlilloe2t@reuters.com,47,51,251
103,ediscombe2u,bmattys2u@sourceforge.net,17,564,77
104,skitchinghan2v,wcobbin2v@lulu.com,36,129,461
105,aferentz2w,alondesborough2w@istockphoto.com,22,817,683
106,pashbolt2x,kreinger2x@cisco.com,56,337,242
107,mrudsdale2y,kboydell2y@domainmarket.com,7,254,569
108,fbulford2z,bteather2z@craigslist.org,44,964,137
109,dastles30,gteresse30@vimeo.com,55,664,603
110,pbrashaw31,vscopham31@army.mil,61,13,636
111,awolstenholme32,itolefree32@netvibes.com,1,685,782
112,rrandleson33,ifashion33@over-blog.com,14,76,67
113,emacklin34,gclubbe34@sogou.com,52,347,161
114,gkitteman35,aboules35@amazonaws.com,3,872,35
115,mgoodredge36,kgallego36@prweb.com,11,766,588
116,fmadders37,neddolls37@mapquest.com,32,331,344
117,lfanner38,ecawthery38@mashable.com,36,121,848
118,ademichele39,gdearl39@comcast.net,19,586,142
119,vcheevers3a,bbullas3a@zimbio.com,61,898,514
120,ctremmel3b,pibeson3b@hexun.com,13,827,155
121,nsaunderson3c,lnorcliff3c@usda.gov,40,890,602
122,ktremethack3d,ddubbin3d@paypal.com,15,966,617
123,sgerriessen3e,mtorry3e@mayoclinic.com,38,333,526
124,dolphert3f,bdhillon3f@webeden.co.uk,39,509,644
125,bkeneforde3g,ykelland3g@nydailynews.com,39,633,178
126,gfairholme3h,cell3h@prlog.org,5,354,101
127,tsumsion3i,cmendel3i@hc360.com,5,846,248
128,jmarchington3j,mmumberson3j@hostgator.com,38,653,885
129,rdrewes3k,scrossley3k@live.com,18,354,90
130,pvaun3l,gbesantie3l@reuters.com,29,627,398
131,bpickhaver3m,esporgeon3m@independent.co.uk,7,99,498
132,ihehnke3n,mhamlington3n@abc.net.au,42,831,769
133,cdelia3o,ddaubney3o@zdnet.com,56,633,364
134,dgouldstone3p,gmclenaghan3p@ebay.com,42,916,280
135,deggleston3q,nbarnaby3q@cnet.com,30,324,345
136,lmartinat3r,etrevino3r@ed.gov,50,852,468
137,bbucktharp3s,cscarlet3s@sogou.com,37,523,408
138,asheryne3t,dcasper3t@yahoo.co.jp,13,114,349
139,fsaulter3u,mhammant3u@sitemeter.com,8,144,892
140,egaliero3v,kborth3v@geocities.jp,26,50,731
141,krandal3w,cconnett3w@cargocollective.com,38,638,39
142,hcannavan3x,cbischoff3x@washingtonpost.com,3,762,302
143,ssteptowe3y,aoverland3y@go.com,36,917,809
144,slago3z,rkeggin3z@ibm.com,48,1000,894
145,ghoulison40,fmaccrosson40@naver.com,23,452,539
146,gfleckney41,nfessions41@ow.ly,50,612,23
147,spaolicchi42,gcashin42@businessweek.com,26,378,68
148,acubitt43,fleward43@bing.com,41,257,949
149,kloxly44,chammer44@businessweek.com,5,544,735
150,crama45,amarlon45@g.co,24,402,463
151,fmariel46,jingraham46@lycos.com,44,695,41
152,nbingle47,clinggard47@simplemachines.org,18,894,662
153,gtoomey48,cpenney48@hexun.com,28,426,338
154,redens49,cprisk49@edublogs.org,30,624,290
155,elouch4a,nconey4a@usatoday.com,50,339,298
156,ncorstan4b,lacreman4b@archive.org,20,686,16
157,bdowthwaite4c,abeaby4c@youtube.com,48,674,248
158,egyenes4d,bmedlen4d@sphinn.com,11,266,357
159,iairs4e,abalch4e@nymag.com,41,400,88
160,vkopfer4f,mkidwell4f@ted.com,29,209,207
161,agardener4g,jhatchette4g@hubpages.com,24,646,521
162,ffulkes4h,gmichelin4h@hatena.ne.jp,45,944,540
163,egosney4i,dgudgion4i@usgs.gov,48,205,636
164,jstanning4j,rbernardo4j@oaic.gov.au,51,114,539
165,scello4k,gheelis4k@apple.com,61,119,943
166,dcapelen4l,emusselwhite4l@washingtonpost.com,52,692,124
167,lswadlinge4m,omccullen4m@a8.net,37,721,610
168,pwurz4n,vlongland4n@fema.gov,39,349,504
169,fjaume4o,posbourn4o@ucoz.com,52,968,34
170,kcarrabott4p,rpadell4p@live.com,14,948,80
171,amolesworth4q,bsnap4q@cam.ac.uk,37,404,781
172,bhalmkin4r,cborman4r@dot.gov,54,62,200
173,rblything4s,mbracknell4s@mapquest.com,45,587,384
174,lendrici4t,abutfield4t@cargocollective.com,3,647,11
175,bglisane4u,lstephens4u@dot.gov,22,997,684
176,fshillam4v,fbeaufoy4v@drupal.org,46,378,835
177,mshooter4w,pogle4w@ihg.com,5,261,724
178,bbredes4x,awemes4x@purevolume.com,32,493,173
179,rwillingam4y,lherrema4y@wix.com,50,297,467
180,cmoxham4z,tpipet4z@yellowbook.com,40,450,961
181,cfirth50,gprigg50@mtv.com,34,666,479
182,cshervington51,mshewen51@reference.com,43,910,519
183,wbefroy52,uconnal52@netscape.com,46,316,988
184,lgallimore53,dgradwell53@xrea.com,58,284,290
185,jlightewood54,cruppeli54@marriott.com,32,420,94
186,dkondratovich55,idove55@npr.org,17,660,188
187,nshelford56,gnesby56@walmart.com,2,139,765
188,clongrigg57,mbrunt57@amazon.com,1,717,600
189,ahaysey58,dgiacobbinijacob58@paypal.com,8,708,671
190,cbein59,pcolumbell59@posterous.com,52,259,508
191,uguerrazzi5a,bbegwell5a@wikia.com,1,346,546
192,atyas5b,lokeshott5b@java.com,21,408,777
193,kskillman5c,dvear5c@netlog.com,17,474,403
194,ggarfitt5d,spashler5d@omniture.com,28,74,282
195,mburleigh5e,dbarz5e@usa.gov,1,95,957
196,mpetrushka5f,deckersall5f@hao123.com,30,204,133
197,wdelloyd5g,kpilkinton5g@prweb.com,47,992,569
198,cvanderplas5h,bcorse5h@ask.com,49,940,844
199,jpietzner5i,pwinspare5i@ifeng.com,56,418,256
200,lhazelton5j,mspark5j@mapy.cz,31,406,223
201,khoyles5k,equadri5k@irs.gov,52,918,187
202,emoyles5l,fwadham5l@unblog.fr,46,732,678
203,mshottin5m,wgilbane5m@icio.us,30,921,711
204,ameenehan5n,oioselevich5n@mashable.com,31,457,241
205,hlamberti5o,adoudny5o@weibo.com,60,528,301
206,spolgreen5p,jdanshin5p@pinterest.com,51,37,133
207,hwoofinden5q,sbernet5q@intel.com,11,788,396
208,lgarrattley5r,eheinreich5r@newyorker.com,35,37,279
209,kdey5s,sweathers5s@smugmug.com,21,432,307
210,bcharker5t,fshortcliffe5t@zimbio.com,53,187,454
211,ngodly5u,ccoutthart5u@dropbox.com,29,858,242
212,eiskower5v,bbalhatchet5v@blogtalkradio.com,7,187,758
213,tkarolyi5w,etate5w@ihg.com,11,627,870
214,awinslade5x,wtancock5x@tripod.com,58,392,97
215,gmclugaish5y,ktrahearn5y@home.pl,61,598,778
216,jbilsland5z,nczaja5z@seesaa.net,32,612,871
217,mguiso60,pchaffer60@fotki.com,24,25,221
218,osmaile61,ksawden61@discovery.com,40,774,389
219,eloton62,sgeeson62@homestead.com,27,550,88
220,kbernardy63,jappleyard63@netvibes.com,13,290,244
221,bgayton64,pcoggin64@businesswire.com,7,854,947
222,desposito65,lbrabyn65@tripadvisor.com,30,808,582
223,bgannicleff66,bdawidowitz66@i2i.jp,33,50,847
224,msoutherton67,rbinney67@rambler.ru,18,658,657
225,agooble68,pitzhak68@istockphoto.com,46,714,270
226,jpenzer69,bdadley69@ucsd.edu,14,505,53
227,smccarly6a,idast6a@blog.com,39,641,938
228,rongin6b,daitkenhead6b@mozilla.com,52,519,173
229,ibraidwood6c,bmatushevitz6c@youku.com,28,82,491
230,lmoorhouse6d,spetrowsky6d@phoca.cz,33,977,679
231,rsalzburger6e,bchater6e@mlb.com,10,177,692
232,bbaudouin6f,lmallaby6f@hibu.com,22,374,149
233,jjachimiak6g,mlokier6g@elegantthemes.com,7,854,150
234,cibbotson6h,mlandal6h@spiegel.de,22,6,312
235,achater6i,ediemer6i@theatlantic.com,2,89,549
236,ldigan6j,lsouthby6j@ezinearticles.com,31,862,944
237,nhastler6k,cpoxon6k@trellian.com,55,990,283
238,cherries6l,iburburough6l@stumbleupon.com,44,272,15
239,bgilfillan6m,chamlet6m@google.ca,5,236,487
240,dsirmon6n,cvideler6n@sina.com.cn,40,263,850
241,anelles6o,mollerhad6o@ucsd.edu,45,352,756
242,fisaq6p,dvanderhoeven6p@discuz.net,38,323,940
243,blubbock6q,fplews6q@istockphoto.com,39,665,168
244,evokins6r,wdenes6r@ed.gov,20,562,514
245,rbrody6s,jpfeffel6s@bravesites.com,52,239,98
246,bheight6t,csilman6t@techcrunch.com,39,22,257
247,lstannering6u,limrie6u@irs.gov,23,542,405
248,dtopping6v,hhoulison6v@aboutads.info,14,116,262
249,rthresher6w,fchinn6w@globo.com,29,180,613
250,wtuck6x,enoe6x@parallels.com,24,59,610
251,acroom6y,cfrotton6y@wikispaces.com,13,467,857
252,vbourtoumieux6z,salbury6z@ifeng.com,27,236,501
253,rchidzoy70,cshafto70@cam.ac.uk,21,701,777
254,gambroz71,wfrancklyn71@pbs.org,18,455,991
255,ustrathern72,rbidewell72@webeden.co.uk,43,236,813
256,scarwithim73,bfrude73@irs.gov,49,151,597
257,sgettins74,nbenko74@wired.com,57,626,855
258,ckubek75,lklaessen75@nps.gov,9,756,374
259,cblaney76,mdelamaine76@dion.ne.jp,37,779,432
260,rgorden77,dcircuit77@auda.org.au,10,92,357
261,jdidello78,cquibell78@blogs.com,27,511,210
262,gboller79,cchaman79@nifty.com,22,975,167
263,gpreto7a,kbeglin7a@sina.com.cn,31,82,283
264,npashley7b,jbilbie7b@kickstarter.com,39,30,749
265,ttrevaskiss7c,lrolance7c@51.la,39,787,902
266,dmansion7d,ederry7d@wordpress.com,1,6,731
267,leacott7e,areedie7e@nationalgeographic.com,26,194,577
268,knorthley7f,charesnape7f@moonfruit.com,28,582,129
269,bvandecappelle7g,bbrixey7g@japanpost.jp,49,995,33
270,zpietroni7h,rmabson7h@google.fr,41,620,190
271,cvernazza7i,pcousins7i@sitemeter.com,28,533,688
272,achisholm7j,pdoughton7j@senate.gov,48,570,470
273,onaughton7k,lrabbitt7k@nationalgeographic.com,40,751,643
274,nhansberry7l,lcapineer7l@amazonaws.com,3,296,354
275,sbrooksbank7m,gtyreman7m@goodreads.com,20,861,432
276,sriccione7n,lklebes7n@ustream.tv,6,419,50
277,gskillanders7o,ubryden7o@sun.com,48,746,344
278,mgalliver7p,tcumberlidge7p@zdnet.com,32,924,99
279,rtrelevan7q,ilibbe7q@cmu.edu,43,755,656
280,droscamp7r,kbritnell7r@sitemeter.com,33,691,263
281,amcmurray7s,ckynforth7s@blinklist.com,13,679,982
282,spiwell7t,cfray7t@w3.org,35,558,376
283,bnortham7u,sdilworth7u@baidu.com,32,232,642
284,rgallamore7v,esandom7v@state.tx.us,2,865,200
285,jpaskin7w,ldescoffier7w@elegantthemes.com,16,122,35
286,poslar7x,ssuttle7x@globo.com,37,75,252
287,batwill7y,kgreggs7y@t.co,47,811,103
288,jreaney7z,aschapiro7z@about.me,59,500,581
289,rkelmere80,rbartel80@geocities.jp,50,178,461
290,wfeatherstone81,gcurmi81@ibm.com,47,840,169
291,rlowson82,bchazier82@google.es,43,118,250
292,keversley83,avaney83@indiatimes.com,20,89,750
293,jcawthera84,tachurch84@360.cn,33,554,878
294,lsulland85,blinke85@stumbleupon.com,12,362,394
295,rsyplus86,rrubroe86@prweb.com,27,809,465
296,jrobertsson87,rfourman87@gnu.org,49,92,295
297,rolver88,ablyth88@nyu.edu,15,192,584
298,moverall89,rfaivre89@salon.com,27,832,249
299,tbrighouse8a,cfortie8a@techcrunch.com,35,589,656
300,jkubach8b,mkenwyn8b@vkontakte.ru,26,361,142
301,amcrinn8c,mrembrandt8c@netscape.com,50,139,139
302,lhorney8d,dsabie8d@drupal.org,33,855,926
303,rfallow8e,aovitz8e@com.com,15,321,181
304,ldossit8f,lgeindre8f@sciencedaily.com,15,639,559
305,dpeever8g,estockport8g@wp.com,34,780,684
306,iferrieres8h,abaguley8h@ucsd.edu,52,866,683
307,llassey8i,dmclese8i@studiopress.com,61,815,768
308,gsilman8j,trickis8j@msn.com,26,828,629
309,jfetter8k,cducaen8k@who.int,59,318,47
310,shince8l,pdavidou8l@amazon.co.jp,11,29,854
311,vbarbrick8m,bpoltun8m@weebly.com,32,221,788
312,trobinette8n,ayegoshin8n@1688.com,40,229,955
313,mthornewell8o,cmuggleston8o@foxnews.com,35,655,22
314,bcratchley8p,spullinger8p@hostgator.com,26,862,838
315,hbairstow8q,jenevold8q@independent.co.uk,56,867,889
316,lstileman8r,dsmallacombe8r@google.es,43,33,884
317,gcappel8s,ailem8s@seattletimes.com,47,656,813
318,njachimiak8t,amcphaden8t@constantcontact.com,2,18,103
319,fmattioli8u,cravelus8u@soup.io,41,853,332
320,alevin8v,dasling8v@epa.gov,24,699,291
321,jginty8w,aridpath8w@cnn.com,3,27,873
322,jkebbell8x,aetter8x@tamu.edu,35,373,229
323,jkubczak8y,mleask8y@army.mil,22,211,360
324,rheselwood8z,jgillespey8z@google.com.au,23,687,140
325,jstainland90,cbrock90@sogou.com,40,827,391
326,tspeakman91,mpetrenko91@time.com,13,584,804
327,abastide92,cblock92@washington.edu,46,392,388
328,lmachans93,yjouandet93@constantcontact.com,14,630,740
329,rrelfe94,ofiggins94@netlog.com,31,366,518
330,hdoyley95,emoline95@seattletimes.com,8,717,950
331,lbruhnke96,gmayor96@usa.gov,4,655,478
332,adoxey97,mgummer97@wikimedia.org,12,854,431
333,irouff98,mmatuszkiewicz98@lulu.com,53,782,384
334,pgehrels99,ahuntar99@nbcnews.com,57,190,972
335,bsapseed9a,cjuhruke9a@addthis.com,10,129,323
336,rmaccoll9b,dmargram9b@skyrock.com,28,219,42
337,mzecchetti9c,bbarbrook9c@hao123.com,55,774,243
338,mpencost9d,blyall9d@unesco.org,47,830,727
339,cruddle9e,ldarcey9e@wikimedia.org,60,921,706
340,wsuscens9f,osymons9f@google.nl,58,42,846
341,bsercombe9g,rmitchenson9g@so-net.ne.jp,55,1,504
342,mhunte9h,bhagstone9h@joomla.org,56,439,702
343,nsimmon9i,abeebis9i@indiatimes.com,44,603,8
344,dradage9j,qclapperton9j@google.fr,18,414,529
345,chardway9k,cradwell9k@behance.net,3,974,313
346,vbrunnstein9l,flewson9l@accuweather.com,48,54,541
347,kbetho9m,bsibbons9m@altervista.org,16,639,494
348,blawton9n,kwhisker9n@sciencedaily.com,29,424,92
349,vlorimer9o,tmansel9o@nasa.gov,29,725,307
350,hwong9p,ggrishanin9p@usda.gov,39,336,381
351,llarive9q,chanfrey9q@addtoany.com,17,515,28
352,atomsen9r,blargent9r@shareasale.com,42,427,592
353,fsharrem9s,mcuthbert9s@reference.com,44,341,195
354,dphilipps9t,glacky9t@multiply.com,15,565,949
355,dweld9u,mkemer9u@about.com,4,117,792
356,tragbourne9v,vspehr9v@china.com.cn,1,552,681
357,mgervaise9w,ckubal9w@wikimedia.org,15,367,661
358,mpennells9x,jbraunter9x@fda.gov,11,916,509
359,cfreegard9y,sdarbey9y@arizona.edu,39,205,578
360,kfawkes9z,tianilli9z@admin.ch,55,534,739
361,tyouensa0,ktolera0@columbia.edu,32,997,246
362,otonnera1,bheymanna1@ask.com,44,51,674
363,tguenya2,shakonssona2@163.com,26,115,74
364,gmanesa3,pmclernona3@about.com,1,365,252
365,mhastilowa4,ddhennina4@theatlantic.com,15,990,892
366,rgillogleya5,alafflina5@google.de,34,937,563
367,jtillinga6,msiwarda6@pen.io,41,431,763
368,jeustona7,ctettleya7@php.net,49,693,514
369,cwilshirea8,srisdalea8@google.pl,48,281,304
370,mvanellia9,nmarchanta9@studiopress.com,17,209,786
371,cwilfingaa,mchantleraa@walmart.com,41,153,750
372,dgilcristab,glishmundab@ustream.tv,32,531,604
373,clorrymanac,sliccardiac@columbia.edu,3,102,684
374,mozeltonad,czanussiiad@answers.com,58,25,466
375,cdavittae,pscrubyae@tripadvisor.com,32,987,705
376,asevernsaf,kmatthiaeaf@nba.com,26,45,305
377,alhommeauag,ebaconag@shutterfly.com,3,370,907
378,worganerah,mferenczyah@statcounter.com,32,271,374
379,sruffleai,abowryai@usa.gov,3,747,139
380,alabbetaj,ndiboldiaj@walmart.com,3,168,686
381,mpyettak,gsweedak@live.com,14,735,631
382,claingmaidal,sbeavisal@ameblo.jp,58,3,862
383,rvoseam,mdomaschkeam@sciencedirect.com,34,200,972
384,ehaffardan,ckenninghanan@drupal.org,57,138,766
385,dsteuartao,mllewellynao@businessweek.com,1,196,714
386,aclemontsap,lmccardap@nih.gov,61,204,573
387,bburnhamsaq,bbabidgeaq@sitemeter.com,57,4,80
388,lspinoar,lkoeppkear@psu.edu,21,995,397
389,tregelousas,cnayeras@cbc.ca,43,428,442
390,bubsdellat,driccardat@last.fm,58,867,262
391,dgerrelsau,psimioneau@php.net,4,133,747
392,gvossav,ayurukhinav@last.fm,37,55,443
393,cbradshawaw,sgindghillaw@list-manage.com,26,162,539
394,cdransfieldax,tcarlosax@prlog.org,20,27,397
395,nwhitewooday,dferraraay@java.com,22,444,799
396,omaddersaz,asculpheraz@ning.com,5,2,939
397,bshoremanb0,wjuschkab0@live.com,49,348,391
398,jemmotb1,chamberb1@state.gov,24,360,53
399,dpackingtonb2,blodyb2@cbslocal.com,38,884,943
400,slesurfb3,ebelchb3@ca.gov,14,523,905
401,lpattlelb4,kdunniomb4@wikimedia.org,36,577,478
402,fobraddenb5,hardronb5@hugedomains.com,20,730,692
403,bphilippsb6,kherreranb6@tinyurl.com,27,907,724
404,nosgordbyb7,asilvesterb7@tripod.com,26,463,219
405,gschleswigholsteinb8,aspreyb8@symantec.com,29,571,902
406,agiraudatb9,jfeyeb9@simplemachines.org,16,623,664
407,akemwallba,acrantonba@youtube.com,25,357,978
408,lmckevinbb,alempertzbb@dot.gov,45,906,397
409,ochristmasbc,lphetteplacebc@icq.com,11,550,701
410,brumkebd,elevanebd@edublogs.org,31,714,647
411,rjoratbe,malloisibe@devhub.com,13,978,590
412,kfarnhambf,ctideswellbf@gmpg.org,38,856,479
413,pbartonbg,bdouganbg@deviantart.com,18,536,863
414,aaykroydbh,mreynoldsonbh@ycombinator.com,13,556,539
415,lchantbi,mcroftbi@timesonline.co.uk,48,941,711
416,bollivierrebj,mdiffleybj@ow.ly,44,344,335
417,hbyfordbk,gpetrellibk@icq.com,52,560,605
418,vpetruszkabl,jbentobl@wix.com,34,701,845
419,aconlonbm,aparkissonbm@quantcast.com,32,930,844
420,sangellbn,mrobbeybn@china.com.cn,28,402,699
421,nbonevantbo,lkerreybo@abc.net.au,27,264,857
422,mlovegrovebp,dhamilbp@infoseek.co.jp,55,379,5
423,bistedbq,osaurinbq@prnewswire.com,50,364,240
424,ncatobr,sjosuweitbr@japanpost.jp,6,343,668
425,cgrundonbs,ecastagnebs@comcast.net,46,904,797
426,lroubertbt,blowersonbt@4shared.com,36,275,684
427,dtriggelbu,htyrerbu@mit.edu,10,495,363
428,tchippsbv,gcranstounbv@paypal.com,35,354,778
429,smaroneybw,blabordebw@census.gov,26,445,493
430,ntivenanbx,edahlbackbx@canalblog.com,60,452,625
431,gyglesiaby,btomsaby@zimbio.com,17,143,889
432,totybz,jtatershallbz@wufoo.com,14,746,170
433,treviec0,hpundyc0@miitbeian.gov.cn,6,820,77
434,cgowanlockc1,cpickerc1@wikipedia.org,30,179,942
435,rpickardc2,fgellyc2@nationalgeographic.com,9,547,960
436,msitchc3,tosipovc3@chronoengine.com,7,420,86
437,jramasc4,dpellewc4@cam.ac.uk,40,573,148
438,ccarenc5,cbigriggc5@uiuc.edu,54,250,840
439,dmassingberdc6,fstambridgec6@dion.ne.jp,12,885,470
440,vgrellisc7,acoilsc7@bloglines.com,51,72,967
441,ctaylorsonc8,lbellwardc8@bandcamp.com,25,591,973
442,lbrisc9,aangelinic9@prweb.com,39,416,811
443,cjirasekca,btannerca@weebly.com,54,885,419
444,jharlecb,lwiltshirecb@businessweek.com,37,740,489
445,acalvercc,pleynhamcc@wikimedia.org,50,80,51
446,drowencd,mpattissoncd@sourceforge.net,14,747,687
447,speaseyce,mfluryce@wix.com,32,162,857
448,jabbecf,abowcf@ustream.tv,51,826,610
449,cibbesoncg,idanilewiczcg@hatena.ne.jp,53,149,913
450,vportigallch,cbohlerch@salon.com,55,949,537
451,tbreacheci,ndyetci@etsy.com,55,12,513
452,ltraynorcj,aduckerscj@google.pl,45,791,767
453,lbartolomeazzick,nralphck@hexun.com,29,663,785
454,dgribbinscl,cblackshawcl@hostgator.com,53,575,942
455,wkirwancm,mveracruyssecm@lycos.com,31,747,855
456,adrynancn,hgrattancn@fda.gov,40,711,300
457,efinckenco,tboagco@nasa.gov,55,826,660
458,bbalderstonecp,dbleasdillecp@cpanel.net,48,199,824
459,jginglecq,sferriericq@cbslocal.com,53,748,168
460,astanettcr,gsempercr@huffingtonpost.com,39,620,725
461,vbranscombcs,amccaughencs@homestead.com,47,445,90
462,cpeggremct,mmaskreyct@eepurl.com,2,521,267
463,mligginscu,sceschicu@altervista.org,54,814,60
464,spaffordcv,cklaubercv@google.co.uk,4,607,362
465,bsummerillcw,tverneycw@tmall.com,49,181,652
466,gcloughercx,smabbotcx@desdev.cn,42,155,569
467,bothickcy,kstandallcy@ted.com,48,695,333
468,blowingscz,fpenderedcz@webnode.com,20,392,619
469,pspackmand0,hwestreyd0@yahoo.com,3,9,999
470,bmcelvined1,drozenbaumd1@state.tx.us,26,702,141
471,shoyerd2,abywayd2@spotify.com,17,244,691
472,cralestoned3,jhillind3@army.mil,45,939,626
473,ckelsod4,lkitsd4@indiatimes.com,32,591,822
474,blakerd5,mnaveind5@scientificamerican.com,51,367,146
475,mmoysed6,tlejeand6@mlb.com,59,336,958
476,plambdond7,hgaythwaited7@multiply.com,60,485,480
477,enorewoodd8,rheinzlerd8@mac.com,14,840,803
478,tedlestoned9,dpeckettd9@sogou.com,40,84,723
479,gnelliesda,rpoyleda@cmu.edu,18,604,860
480,rtellingdb,sbredesdb@shinystat.com,14,7,426
481,dpiscopellodc,dgladingdc@ebay.com,44,467,202
482,mwalesbydd,hgirardezdd@geocities.jp,58,707,764
483,gjoyesde,iliverde@geocities.jp,36,940,969
484,tstammlerdf,gcabralesdf@hp.com,57,139,70
485,bcoldhamdg,ckornalikdg@upenn.edu,43,940,257
486,ldaviddidh,amaingotdh@discuz.net,52,297,551
487,maustindi,mdomleodi@moonfruit.com,40,614,766
488,gderyebarrettdj,msherrottdj@yale.edu,18,710,717
489,eheggmandk,cmacairtdk@bloomberg.com,44,444,280
490,cochterloniedl,vmetheringhamdl@theatlantic.com,19,510,187
491,jgilbartdm,dcowperthwaitedm@zdnet.com,39,405,949
492,onussendn,emcadamdn@who.int,5,212,44
493,mpidgleydo,gnevettdo@hexun.com,23,996,812
494,ggreenacredp,arainedp@answers.com,47,478,577
495,dpetyakovdq,ftenniswooddq@harvard.edu,44,5,483
496,qvinadr,dmeadmoredr@lycos.com,32,593,971
497,jlumberds,cbrislends@engadget.com,12,404,813
498,egratrexdt,hdiddamsdt@yellowbook.com,41,996,402
499,kgambelldu,hdukerdu@gnu.org,57,474,213
500,ttrimmilldv,bchoulertondv@ask.com,12,979,436
501,ilisamoredw,uekinsdw@blogger.com,24,198,141
502,glovingdx,pheapedx@fc2.com,43,185,601
503,oodegaarddy,sheseydy@blogspot.com,15,350,935
504,cskacedz,kfrankiewiczdz@engadget.com,37,23,60
505,dlickorishe0,cbannestere0@theguardian.com,16,742,982
506,rfoystonee1,hprendegueste1@blog.com,44,655,769
507,aanstisse2,mringe2@google.cn,22,27,643
508,folline3,eshoorbrookee3@sogou.com,43,975,91
509,ssmalee4,uaikenheade4@purevolume.com,41,344,470
510,ikespere5,jbootymane5@topsy.com,49,724,984
511,edaymonde6,tmcdougalle6@barnesandnoble.com,36,966,339
512,dwelbelovee7,rrachuige7@opensource.org,32,436,909
513,ihriinchenkoe8,ayudee8@squarespace.com,45,415,428
514,rdregere9,pkoenene9@nature.com,42,610,543
515,aoselandea,ecoppenea@dyndns.org,2,917,517
516,murquharteb,jgleaveseb@prnewswire.com,5,446,732
517,ohaymesec,erylettec@economist.com,40,975,899
518,blarneed,spaitoned@feedburner.com,8,826,512
519,rscutchingee,gdecortee@google.com.hk,4,39,611
520,ohrachovecef,nwornumef@gizmodo.com,17,63,7
521,mmankteloweg,ekirkupeg@google.nl,53,150,59
522,agrinvaldseh,bwoolertoneh@pbs.org,15,216,922
523,gbristoeei,istrickei@usatoday.com,13,816,459
524,jgreenshieldsej,kcarverej@usnews.com,27,443,146
525,ghuffeyek,npergensek@phpbb.com,37,629,710
526,kcordyel,mgoreisrel@twitpic.com,52,925,374
527,hartistem,hhambatchem@i2i.jp,9,917,214
528,fshortlanden,mspenceen@businesswire.com,12,898,877
529,tclemintonieo,tlinacreeo@istockphoto.com,11,748,837
530,pcranep,qplumridgeep@mtv.com,49,268,537
531,lmurcutteq,vnorthleyeq@gravatar.com,25,693,657
532,aedoweser,zhaucker@ihg.com,46,510,600
533,cperigoees,dbeneteaues@free.fr,57,863,297
534,lorderet,tluckwellet@loc.gov,36,536,458
535,hhapkeeu,iclissoldeu@illinois.edu,1,844,592
536,jtowellev,gmawmanev@163.com,19,49,539
537,jgumbyew,ukiddyew@phoca.cz,39,176,567
538,rbullentex,scristoforettiex@wikispaces.com,29,575,465
539,pyitzhakey,jatyeoey@netvibes.com,46,34,127
540,ojennemannez,sraubenheimersez@csmonitor.com,25,863,818
541,mstandbrookf0,achampkinsf0@ibm.com,21,479,325
542,agovierf1,zpaulyf1@yelp.com,2,628,919
543,dbraveryf2,ztempestf2@cmu.edu,53,224,239
544,kviciosof3,bhalladeyf3@si.edu,35,182,892
545,ededmamf4,kgarricf4@miibeian.gov.cn,47,992,233
546,edemangeonf5,wlissandrinif5@ehow.com,42,913,731
547,fmarref6,sedwardsf6@slashdot.org,57,926,796
548,selstowf7,abelchamberf7@sphinn.com,15,997,508
549,trainsburyf8,ecoltanf8@whitehouse.gov,56,514,966
550,gbolmannf9,msellarsf9@sitemeter.com,2,995,518
551,fcisnerosfa,knoicefa@elpais.com,14,280,192
552,lfoatfb,ntraversfb@delicious.com,61,234,885
553,kbrickettfc,clukacsfc@livejournal.com,54,551,383
554,bmcginlyfd,lavrahamofffd@flavors.me,9,331,799
555,jbesekefe,cblakesfe@scientificamerican.com,59,694,270
556,wsudyff,jmartynff@shinystat.com,51,815,527
557,amacanefg,adeeleyfg@angelfire.com,24,854,736
558,kindgsfh,ctoulchfh@springer.com,21,671,146
559,btranmerfi,echamleyfi@gizmodo.com,22,842,188
560,cyakebovitchfj,ktotterdellfj@admin.ch,45,839,574
561,fparkinsfk,htowellfk@bloglovin.com,20,265,799
562,bpassinghamfl,ttunesifl@amazon.co.uk,3,231,50
563,ccerseyfm,eleslyfm@wordpress.org,19,845,513
564,gbessomfn,wsymondsfn@tinyurl.com,25,62,604
565,kdjorvicfo,owellingtonfo@bing.com,61,627,693
566,singgallfp,acoddringtonfp@google.es,42,496,397
567,squiddihyfq,ghowarthfq@amazon.co.jp,4,346,963
568,kcodringtonfr,mbeynkefr@kickstarter.com,29,699,72
569,bokieltfs,itapplyfs@engadget.com,31,47,132
570,bbalwinft,lburcherft@feedburner.com,45,890,451
571,cbozworthfu,kpietznerfu@people.com.cn,43,440,59
572,hathelstanfv,rduttonfv@java.com,59,958,29
573,bhalversenfw,ldauneyfw@independent.co.uk,61,194,623
574,ebyresfx,mdytefx@nyu.edu,28,510,949
575,adunmuirfy,egogartyfy@yellowbook.com,22,192,598
576,fdobbynfz,karriguccifz@hc360.com,8,722,146
577,oredmang0,athurbyg0@dell.com,36,877,728
578,ahumphersong1,eshepleyg1@tripadvisor.com,57,511,12
579,ceggarg2,amcneillieg2@prnewswire.com,50,430,896
580,mioselevg3,erizziellog3@cisco.com,40,486,198
581,thatchardg4,mfrearsg4@canalblog.com,45,636,354
582,rkuschag5,nmartonfig5@google.com,13,104,168
583,fshemmingg6,warchboldg6@slate.com,32,902,561
584,odequesneg7,smitchelmoreg7@baidu.com,17,348,402
585,scatong8,dpollg8@pagesperso-orange.fr,10,647,483
586,bcosteg9,brosenbladg9@blog.com,25,945,173
587,cderrettga,kmorphetga@xinhuanet.com,56,674,828
588,lpaynegb,hcuttingsgb@xing.com,36,245,518
589,mfransinelligc,miacominigc@samsung.com,32,528,999
590,bedmettgd,hhaddlestongd@youku.com,17,298,366
591,bveldmange,krhubottomge@ask.com,50,605,661
592,hbreakeygf,jjosupeitgf@tinyurl.com,30,660,529
593,apinckneygg,govershottgg@howstuffworks.com,5,179,606
594,mcurriegh,gfullegh@timesonline.co.uk,43,573,627
595,awarboysgi,bpaulingi@tinypic.com,19,957,205
596,flomathgj,jfairleighgj@hibu.com,9,34,78
597,oeeftinggk,sglasgk@paginegialle.it,27,349,489
598,tgrassickgl,reyamgl@cdc.gov,43,801,663
599,langelinigm,wmathersgm@elegantthemes.com,19,993,229
600,lgardengn,msticklesgn@php.net,15,308,498
601,tlancastlego,wtotterdillgo@bloomberg.com,33,86,738
602,aaburrowgp,dburdikingp@qq.com,20,410,145
603,abishgq,mlawlingsgq@bbb.org,42,761,471
604,acarnamangr,lnearsgr@exblog.jp,13,257,939
605,mburnsallgs,mfairlemgs@livejournal.com,2,259,956
606,fwharingt,cliverockgt@miitbeian.gov.cn,31,424,407
607,gsummersettgu,lnasebygu@liveinternet.ru,24,817,315
608,gtytgv,smerrillgv@go.com,54,711,447
609,kdominguesgw,myakovichgw@ifeng.com,33,521,594
610,bhandygx,cvigoursgx@mediafire.com,15,9,631
611,vcapeygy,lascraftgy@disqus.com,48,822,252
612,dbiestygz,nshutlergz@netvibes.com,31,677,674
613,bdrohaneh0,gwhitworthh0@stanford.edu,1,882,332
614,kblakelyh1,sportmanh1@prlog.org,8,773,813
615,sgreenhallh2,dportressh2@opera.com,4,792,806
616,fguillermanh3,gmcdougallh3@rakuten.co.jp,34,605,229
617,fgerglerh4,ecannonh4@merriam-webster.com,40,12,116
618,dwhiteselh5,sburnapph5@wired.com,30,940,777
619,vpigotth6,thairyesh6@admin.ch,8,564,367
620,jlintsh7,fpelosh7@accuweather.com,43,305,342
621,htidburyh8,lstandishh8@deviantart.com,26,93,676
622,vdooheyh9,dwoolfendenh9@wunderground.com,61,793,868
623,fmarkingha,teverettha@360.cn,2,557,156
624,wpedrohb,obauerhb@ehow.com,41,867,539
625,slacroixhc,lperkinshc@aol.com,61,734,827
626,pbarrimhd,lshaylorhd@google.pl,44,733,819
627,sshovelbottomhe,ccholertonhe@oracle.com,19,441,290
628,tkilbornhf,pboothmanhf@harvard.edu,19,659,385
629,hocahillhg,btellwrighthg@fema.gov,32,359,833
630,msimmonetthh,lgrimahh@squidoo.com,31,823,83
631,abretellehi,jmuscathi@prnewswire.com,44,464,753
632,tbrigghj,tfellinihj@taobao.com,32,58,841
633,cbeetleshk,solomanhk@wsj.com,25,427,220
634,ddeathhl,blimeburnhl@tiny.cc,21,917,488
635,jeamhm,sevesquehm@naver.com,22,183,695
636,ljennickhn,dbrimmanhn@google.pl,36,549,483
637,dcalveyho,cavramovichho@altervista.org,33,80,728
638,apennicotthp,dhorleyhp@ft.com,37,738,527
639,fmcalindenhq,afindlaterhq@vistaprint.com,2,726,714
640,mreaganhr,feddisonhr@free.fr,3,923,820
641,miacovinohs,tgowngehs@over-blog.com,29,939,487
642,csuthernsht,kmcclellandht@mediafire.com,42,542,615
643,smaccathayhu,naldayhu@hostgator.com,18,606,531
644,sbowdlerhv,hussherhv@walmart.com,28,310,381
645,jlinehamhw,sshowenhw@goo.ne.jp,17,216,976
646,mshingleshx,bcicerohx@nsw.gov.au,31,384,332
647,nguerrehy,dfasshy@pen.io,24,703,311
648,wpaulinghz,agibbettshz@google.com.hk,54,201,603
649,pinglibyi0,gwoodyeri0@ucoz.ru,28,630,847
650,vlarkworthyi1,kdumbletoni1@discovery.com,40,1000,935
651,npeachami2,obarnsdalli2@vinaora.com,41,505,312
652,uswatei3,fmuttoni3@php.net,57,49,505
653,kbasketfieldi4,gflawni4@istockphoto.com,59,188,633
654,aveli5,lgreendalei5@wikimedia.org,28,371,484
655,smoberleyi6,ecootsi6@cafepress.com,24,171,272
656,wrunnaclesi7,gplewmani7@wisc.edu,61,433,134
657,gshieberi8,chedditchi8@paypal.com,36,924,265
658,vhuddi9,lvinei9@youtube.com,53,919,192
659,cbarenseia,rklezmskiia@wiley.com,9,699,340
660,mmarfellib,gmulranib@google.cn,60,615,255
661,lkryzhovic,koxic@digg.com,52,641,936
662,ofabbroid,fpedrielliid@cdc.gov,40,424,321
663,ncaslinie,nclemintoniie@java.com,34,72,77
664,osealandif,olamingif@vinaora.com,8,212,652
665,wbrigmanig,taspinalig@techcrunch.com,55,273,223
666,mgrumleyih,mcostinih@angelfire.com,36,846,901
667,vtaskerii,enorfolkii@accuweather.com,28,612,884
668,lparadinij,ozelakeij@netvibes.com,14,868,959
669,jessebyik,lainsbyik@cafepress.com,35,451,873
670,lthonil,cbauldil@statcounter.com,33,783,39
671,rdewerim,mpenswickim@xing.com,3,476,985
672,hquaifin,bboggisin@phpbb.com,22,891,99
673,cpriestnerio,ddelgadilloio@washingtonpost.com,12,96,258
674,roflahertyip,kheggip@lulu.com,54,649,288
675,nmullaniq,vslaughteriq@reference.com,14,189,111
676,bfidoeir,gthreadgouldir@soundcloud.com,40,415,466
677,idanettis,calneris@imgur.com,50,268,671
678,kgrishaninit,asherringhamit@163.com,46,633,727
679,jpitcaithlyiu,dmarieliu@army.mil,1,258,786
680,mmawtusiv,pskrinesiv@ocn.ne.jp,27,647,412
681,jdenersiw,cgirschiw@jugem.jp,10,816,497
682,krichingsix,kloberix@hexun.com,33,207,967
683,vmulvanyiy,mtuttiettiy@goo.ne.jp,15,468,995
684,rdingwalliz,ptomaiz@hhs.gov,36,741,840
685,gogdenj0,ckilbyj0@google.cn,60,700,238
686,ghastonj1,ggoldhawkj1@cam.ac.uk,49,247,280
687,uwhitcherj2,kdemalcharj2@webs.com,30,931,957
688,shartzenbergj3,vcurzonj3@reddit.com,35,920,757
689,mbaldackj4,rpeirpointj4@timesonline.co.uk,34,339,546
690,mpasleyj5,rpattisonj5@drupal.org,13,980,478
691,chuittj6,dgreenhaughj6@about.me,33,267,499
692,myoungej7,wivicj7@cloudflare.com,27,522,917
693,myouingsj8,dwildmanj8@theglobeandmail.com,2,90,582
694,gharewoodj9,gpleadenj9@dyndns.org,38,342,767
695,ataylderja,gfeedhamja@e-recht24.de,53,125,867
696,lmoretonjb,jtwoohyjb@goo.ne.jp,16,659,38
697,ematyushonokjc,cpeniellojc@unc.edu,50,390,820
698,ntrencherjd,fyusupovjd@taobao.com,4,466,166
699,ajiruchje,hcamierje@hubpages.com,2,404,150
700,lzannutojf,jmacgaughyjf@japanpost.jp,21,711,524
701,hmalhamjg,awerndleyjg@cnn.com,1,67,446
702,bcartmailjh,dshardlowjh@ed.gov,34,684,443
703,hbrightieji,dmershji@unicef.org,58,42,934
704,saddisjj,fstanderingjj@columbia.edu,48,85,854
705,ohusherjk,kjuppejk@nationalgeographic.com,11,969,153
706,ebeldersonjl,ayelejl@prlog.org,49,463,696
707,pfranzewitchjm,srocksjm@techcrunch.com,20,258,141
708,aeadejn,rcleverjn@twitter.com,57,505,655
709,cshorterjo,dfawlksjo@storify.com,57,826,756
710,kmenpesjp,gmillmorejp@google.it,21,731,361
711,fwidmoorjq,eciottijq@redcross.org,61,689,239
712,mlilywhitejr,tfronczakjr@usatoday.com,15,690,780
713,cbruggemanjs,acollissjs@twitpic.com,50,149,13
714,khanafordjt,fbachmannjt@goo.gl,21,159,510
715,scleeveju,jcoultardju@psu.edu,1,290,713
716,rteodorskijv,aconeaujv@hao123.com,48,864,948
717,amandreyjw,ajellybrandjw@state.tx.us,28,379,342
718,mmintyjx,ewickiejx@slate.com,39,279,22
719,rhellyerjy,bdeadmanjy@mashable.com,60,832,70
720,tjaherjz,ncomriejz@goo.ne.jp,1,786,567
721,hstillingk0,fcoolek0@istockphoto.com,43,90,729
722,mgeraldok1,bavrashink1@latimes.com,32,657,886
723,tmallalieuk2,fmountk2@skyrock.com,34,914,889
724,vchaldecottk3,shasselbyk3@who.int,16,457,267
725,jshreevek4,blogesdalek4@virginia.edu,6,342,214
726,bmilesk5,dbanishevitzk5@ucoz.ru,12,260,150
727,tbrainsbyk6,shovyk6@free.fr,24,499,285
728,ejeensk7,nworgank7@google.co.uk,52,994,238
729,cricardk8,akienlek8@wikispaces.com,44,316,865
730,markowk9,hgoldneyk9@nps.gov,26,531,739
731,ncaneroka,calevequeka@geocities.com,52,262,11
732,tmernerkb,asandkb@dropbox.com,1,328,731
733,iaubinkc,ggostagekc@virginia.edu,49,316,859
734,iwadelinkd,tchaveskd@rediff.com,24,418,993
735,ctynemouthke,ecorbyke@craigslist.org,47,27,246
736,bwollastonkf,vkeohanekf@dagondesign.com,21,993,523
737,lhyattkg,lbritiankg@mlb.com,43,407,864
738,bstraceykh,rlunkkh@tinyurl.com,47,311,875
739,hgatcliffki,bullettki@geocities.com,11,924,634
740,kmattiaccikj,fziemeckikj@blog.com,40,691,994
741,dgiacobinikk,kwoosterkk@oracle.com,3,396,458
742,fsyddiekl,cdilrewkl@nytimes.com,52,718,139
743,cberringerkm,rcantkm@technorati.com,3,578,764
744,egreensitekn,esivesskn@blogspot.com,59,334,794
745,mbalazsko,creysonko@cnet.com,46,920,339
746,bworsamkp,kaulettakp@mac.com,58,510,211
747,cdarellkq,ahillinkq@chronoengine.com,16,396,86
748,rpetcherkr,nfreeburnkr@seattletimes.com,47,130,500
749,lflochks,peliasenks@friendfeed.com,24,909,101
750,ulittefairkt,sclaybournkt@so-net.ne.jp,19,25,541
751,ashillingfordku,mperkinku@tinyurl.com,9,810,231
752,cblenkinsoppkv,bsideykv@smugmug.com,34,239,994
753,rspellingkw,bchalonerkw@biblegateway.com,57,587,951
754,jleahairkx,bhealkskx@disqus.com,7,646,152
755,kkerblerky,mmitchesonky@spiegel.de,37,501,303
756,aoldeykz,lclareykz@phoca.cz,53,555,617
757,tmargriel0,ktruluckl0@wsj.com,2,150,595
758,gexroll1,kchaplinl1@tripadvisor.com,4,196,857
759,dmaudettl2,cdesesquellel2@photobucket.com,36,933,846
760,proyl3,lrarityl3@cnn.com,9,38,143
761,gyuillel4,vracinel4@prweb.com,8,178,748
762,mmalbyl5,mleybanl5@nih.gov,42,611,647
763,plapleyl6,snewshaml6@aboutads.info,26,249,130
764,swardingtonl7,fkivlehanl7@barnesandnoble.com,22,479,621
765,llurnerl8,lgerckel8@pcworld.com,24,545,328
766,erolfsl9,mbutlandl9@goodreads.com,53,165,764
767,ogrichukhinla,biashvilila@arizona.edu,49,191,746
768,jgalealb,fwillderlb@blog.com,39,823,938
769,kainsworthlc,ablastocklc@elegantthemes.com,58,830,838
770,ehenricld,pfishendenld@google.com.hk,18,488,888
771,nshielsle,rhairsinele@marriott.com,5,395,152
772,iglasgowlf,mplumerlf@weather.com,39,97,172
773,aeullg,jbumphrieslg@goo.ne.jp,8,191,765
774,dmorrisonlh,rmurralh@bing.com,23,152,974
775,cquarringtonli,mhuckettli@naver.com,26,145,923
776,btretwelllj,bdeilj@exblog.jp,17,75,603
777,lfuchslk,eancelllk@who.int,38,458,974
778,lholburnll,ndurnoll@live.com,20,93,531
779,dsiemandllm,dlinaylm@nsw.gov.au,40,86,425
780,jkeppelln,hsollisln@hud.gov,28,556,370
781,arawoodlo,vharmanlo@ebay.com,54,457,45
782,arichlylp,jbrehaultlp@wiley.com,25,854,766
783,gbuxcylq,tgeogheganlq@paypal.com,33,442,211
784,cmorduelr,tpulllr@networksolutions.com,35,803,359
785,ajolliffels,mruskels@wsj.com,2,317,646
786,kwyldborelt,gpalisterlt@csmonitor.com,34,699,131
787,seggerslu,askitterellu@google.fr,37,495,21
788,rnanninilv,mhendrixlv@rambler.ru,25,61,571
789,ocathenodlw,csackeslw@gizmodo.com,55,469,45
790,tbertllx,jheathfieldlx@prlog.org,58,78,509
791,uhendricksly,sgogartyly@shop-pro.jp,36,671,137
792,mzannilz,rcowopelz@miitbeian.gov.cn,54,928,847
793,vcantrellm0,fbloggettm0@mashable.com,57,359,385
794,mhoytem1,dburchattm1@tamu.edu,16,606,971
795,aslackm2,gcantrillm2@cdbaby.com,9,373,880
796,cminihanm3,bsantom3@vimeo.com,48,178,572
797,lbuncherm4,echippindalem4@facebook.com,21,74,442
798,tsprowlem5,bwestreym5@unesco.org,14,166,904
799,hhickissonm6,bleaningm6@businessweek.com,56,848,526
800,mlennardem7,ebreslaum7@google.com,21,501,8
801,imillerym8,sfullilovem8@amazon.co.uk,26,441,66
802,ograssotm9,jocarmodym9@storify.com,22,311,227
803,aibbesonma,rmooresma@google.fr,21,132,706
804,aseefusmb,ccasolmb@howstuffworks.com,39,872,625
805,sjohnsonmc,cmclarnonmc@kickstarter.com,42,946,681
806,tmenatmd,pknapmanmd@google.nl,54,46,561
807,scahillme,rpotteme@smh.com.au,46,640,487
808,jkynstonmf,istidsonmf@cafepress.com,10,232,88
809,lleifmg,bscanlonmg@dmoz.org,35,837,718
810,kbachemh,cmountstephenmh@ebay.com,26,863,931
811,kpreecemi,mgobelmi@imgur.com,25,481,525
812,fnotomj,afranschinimj@indiatimes.com,12,807,577
813,ghoulworthmk,ewarrenermk@fc2.com,35,666,32
814,phammerml,dgidleyml@fc2.com,30,466,627
815,gsheptonmm,hroostanmm@comcast.net,60,564,783
816,mwetherilmn,bledbettermn@icio.us,5,215,285
817,chiscocksmo,tbonnysonmo@cyberchimps.com,20,570,161
818,edawnaymp,kcovellmp@mediafire.com,5,537,581
819,gbarneymq,awigfieldmq@about.com,61,436,61
820,aolohanmr,amawhinneymr@webs.com,54,797,827
821,smeekinms,rhrihorovichms@paginegialle.it,18,415,191
822,bprantlmt,esalasarmt@bloomberg.com,16,904,573
823,wtounmu,lbloomanmu@wix.com,54,572,369
824,tchuneymv,ddurmanmv@angelfire.com,18,343,614
825,mdingmw,aleftbridgemw@dropbox.com,55,777,772
826,ctryhornmx,emccrohonmx@disqus.com,43,286,286
827,ljanauschekmy,bcarcassmy@fda.gov,43,552,741
828,iaskiemz,iwildesmz@bizjournals.com,36,204,867
829,mivashnyovn0,vparmintern0@hud.gov,48,833,793
830,eashworthn1,cmorenan1@umn.edu,14,12,817
831,cstockown2,daspinelln2@twitter.com,27,375,192
832,mcorradon3,sgoddingn3@booking.com,55,479,303
833,cdewickn4,vjirasekn4@sina.com.cn,1,205,188
834,pcandishn5,lmorden5@sun.com,55,364,875
835,cjurczikn6,rcorringhamn6@msn.com,13,247,77
836,bwallacen7,nbaddern7@rakuten.co.jp,2,76,821
837,bphillcoxn8,blouwn8@live.com,28,814,982
838,asutheringtonn9,plegalln9@uiuc.edu,15,913,912
839,wwigginsna,hwashna@icio.us,8,182,178
840,dsoronb,ksproulnb@usda.gov,25,977,832
841,mardennc,epertnc@psu.edu,26,696,384
842,dmccardlend,cdussynd@sina.com.cn,58,641,321
843,ehalletne,gjandakne@redcross.org,2,401,704
844,idigginnf,pwillmontnf@usa.gov,60,791,970
845,rdorceyng,dbedellsng@themeforest.net,55,528,938
846,zsloatnh,efellneenh@godaddy.com,34,666,44
847,fdautryni,cocarranni@webeden.co.uk,39,629,710
848,sedelheitnj,jdaltrynj@go.com,30,118,180
849,laustwicknk,lswindlesnk@privacy.gov.au,24,900,83
850,lmowattnl,lbignellnl@t-online.de,47,207,283
851,mnewricknm,tbezantnm@privacy.gov.au,26,253,401
852,lzambonnn,aabdienn@amazon.com,56,512,279
853,mbarrouxno,comohunno@diigo.com,15,990,282
854,nlambartonnp,bbraniffnp@w3.org,18,594,159
855,chapkenq,bquintonnq@va.gov,47,517,17
856,mquinnellnr,wdeyenr@etsy.com,48,24,290
857,sgoskerns,fmccarlyns@dagondesign.com,4,193,478
858,emenlovent,kdabernt@stumbleupon.com,20,931,627
859,acantrellnu,jcoppinsnu@china.com.cn,52,130,679
860,lhairyesnv,sbillesnv@netvibes.com,42,554,753
861,kjoslynnw,rdaminw@webeden.co.uk,33,687,17
862,mlangmaidnx,lblackburnenx@arstechnica.com,28,674,349
863,spaolillony,dstreatleyny@arstechnica.com,59,973,144
864,jcharringtonnz,cwelchmannz@over-blog.com,13,764,680
865,cmcmichaelo0,rpladeno0@arizona.edu,46,494,474
866,rkoppeno1,fdowo1@a8.net,61,557,312
867,kboddo2,slongcakeo2@stanford.edu,42,405,562
868,lcastilleo3,nbrombello3@mapquest.com,17,179,218
869,pqualtrougho4,mcamilioo4@digg.com,4,623,297
870,ginnmano5,vlatteyo5@friendfeed.com,27,787,93
871,ltremoilleo6,kmilthorpeo6@google.fr,58,364,251
872,abroszkiewiczo7,mpartkyao7@forbes.com,33,933,508
873,lrhymeso8,smuskero8@goo.gl,7,700,319
874,vstickellso9,istorro9@hibu.com,59,307,455
875,govizeoa,sbourleyoa@pagesperso-orange.fr,30,640,972
876,sblacklockob,kdollinob@a8.net,5,712,235
877,ttolleoc,erodmanoc@dropbox.com,22,743,160
878,challowsod,olaverockod@sitemeter.com,3,311,117
879,jologanoe,jamiableoe@tinyurl.com,56,73,952
880,jcrookshankof,kbaxterof@spiegel.de,61,324,620
881,kheartog,mtaylderog@loc.gov,56,491,252
882,gguillouxoh,msaipyoh@zimbio.com,48,304,989
883,jmarkusoi,jskulloi@cnn.com,1,276,194
884,ngheorghieoj,ejamsonoj@angelfire.com,47,426,452
885,aansteyok,elummusok@statcounter.com,23,619,896
886,dhargittol,cellardol@sbwire.com,37,198,595
887,cpearceyom,lclifftom@bloomberg.com,50,152,913
888,gtrevithickon,sgrzesiakon@epa.gov,3,66,305
889,leptonoo,rlaitoo@washingtonpost.com,27,244,674
890,frowntreeop,rbartsop@globo.com,56,662,979
891,dmcnirlanoq,rduberryoq@omniture.com,36,203,429
892,dortellsor,leulor@nba.com,53,25,224
893,abassingdenos,rpotesos@blinklist.com,26,778,937
894,mpachtot,odowmanot@mashable.com,51,45,200
895,granbyou,gdaneou@plala.or.jp,61,706,231
896,gbrandelov,mdollimoreov@twitter.com,31,415,711
897,hlarringtonow,grydzynskiow@usnews.com,50,788,588
898,smammattox,dbeckensallox@nifty.com,6,330,201
899,gjacobowitzoy,vaucockoy@amazon.com,6,125,689
900,hpoacheroz,acavilleoz@prlog.org,6,189,984
901,kmyallp0,bdemep0@elpais.com,26,806,758
902,gthebep1,jbolgerp1@mtv.com,5,131,223
903,bwisamp2,abogiep2@elegantthemes.com,41,205,727
904,lshellibeerp3,jhanshawp3@hugedomains.com,36,514,331
905,kvidlerp4,eolandp4@meetup.com,41,993,22
906,hmonellep5,pkensittp5@mysql.com,6,469,432
907,jgookep6,ginglebyp6@taobao.com,16,443,1
908,rgouldthorpep7,daspinellp7@umich.edu,58,157,950
909,edownagep8,tacorsp8@cdc.gov,30,390,236
910,ecausbeyp9,bcadlockp9@arstechnica.com,52,198,306
911,idraytonpa,erosenbergerpa@zimbio.com,41,67,14
912,alarkingpb,tshewerypb@berkeley.edu,12,32,846
913,bsissonpc,tbrierspc@oaic.gov.au,44,757,663
914,kforresterpd,gcochetpd@t.co,3,887,739
915,bdooherpe,tfrankispe@ustream.tv,21,102,341
916,pattackpf,gnormansellpf@netvibes.com,19,529,211
917,kthomazetpg,jmoresidepg@desdev.cn,19,52,591
918,bgameph,nkordasph@walmart.com,58,990,3
919,taylwinpi,ycristofanopi@digg.com,48,23,726
920,trankinpj,cmccoidpj@t-online.de,5,354,621
921,gizonpk,dlaurandpk@japanpost.jp,2,866,475
922,fbugbeepl,ehanscombpl@ow.ly,13,732,997
923,rhelleckaspm,amayceypm@ezinearticles.com,7,133,586
924,tinglibypn,atrippackpn@aol.com,35,847,461
925,bheasmanpo,hmapsonpo@alexa.com,53,788,11
926,ksadrypp,bpattullopp@xing.com,39,550,308
927,ojahnischpq,ocastanyerpq@symantec.com,10,194,138
928,kseagopr,ebellengerpr@storify.com,22,884,961
929,eboddisps,gdemkowiczps@walmart.com,60,578,61
930,gantoniuttipt,mmitiept@patch.com,44,261,605
931,alazarpu,mtindleypu@sina.com.cn,30,823,386
932,keneaspv,sbebispv@cbc.ca,56,930,423
933,imoralaspw,mbuiepw@nationalgeographic.com,13,56,842
934,saronowiczpx,slarkworthypx@hao123.com,34,387,528
935,filyukhovpy,rpopovpy@dailymotion.com,9,398,76
936,fpetrupz,ostegglespz@hibu.com,30,308,978
937,wbrafieldq0,rmcgooganq0@tumblr.com,36,379,42
938,eneliusq1,apettiferq1@prweb.com,28,595,223
939,sdeightonq2,dkerriganq2@e-recht24.de,16,311,373
940,ooleszcukq3,pwarryq3@tinypic.com,11,275,647
941,szealyq4,ncundeyq4@intel.com,37,476,120
942,lmeganyq5,lpettittq5@free.fr,29,369,370
943,pphilippardq6,efolkq6@domainmarket.com,42,811,789
944,mmanhoodq7,jmacvanamyq7@booking.com,58,741,903
945,jpattrickq8,csnarieq8@domainmarket.com,8,745,659
946,vgibbinq9,ajordisonq9@seattletimes.com,7,395,634
947,ohadgraftqa,kcrowcombeqa@youku.com,50,880,992
948,bpurcerqb,tcudworthqb@themeforest.net,21,756,762
949,divchenkoqc,nyashanovqc@redcross.org,32,16,944
950,dburleqd,mscranneyqd@deviantart.com,32,470,472
951,hyanovqe,gbonhamqe@hostgator.com,42,154,243
952,sfranzettoiniqf,adeblasiisqf@columbia.edu,36,759,510
953,khuscroftqg,genrichqg@angelfire.com,27,336,139
954,ehammorqh,pturleqh@ox.ac.uk,42,550,337
955,gfergussonqi,epodburyqi@ow.ly,17,388,371
956,mivanenkoqj,cgiacomiqj@flickr.com,12,71,102
957,vgobbettqk,mventomqk@delicious.com,49,213,318
958,ecookeql,mcurraghql@icio.us,36,742,235
959,dlintotqm,aburthqm@wufoo.com,55,853,929
960,afergysonqn,lpelhamqn@cbslocal.com,55,902,39
961,eandrinqo,ajennaroyqo@nationalgeographic.com,35,572,801
962,jmaddafordqp,hbelfqp@examiner.com,4,247,741
963,wosmundqq,jstubbingtonqq@wikispaces.com,40,417,189
964,ddoylandqr,kthornebarrowqr@joomla.org,12,886,801
965,klyvenqs,econantqs@redcross.org,24,399,566
966,bconaghyqt,lmoncktonqt@mapquest.com,41,818,442
967,ggodilingtonqu,gsimonqu@nytimes.com,23,527,465
968,sgoucherqv,gmillbankqv@businesswire.com,55,700,895
969,emacteagueqw,dhanwrightqw@stumbleupon.com,10,717,474
970,ckubiakqx,aengelbrechtqx@hexun.com,31,666,969
971,jscahillqy,esandbatchqy@google.ca,38,429,114
972,lriefqz,edelfqz@live.com,18,675,260
973,nblarer0,lmatthewr0@aol.com,45,800,548
974,pdailer1,dgirardonir1@ifeng.com,60,539,16
975,blumberr2,emaccrossanr2@phpbb.com,9,940,98
976,tblaydonr3,fnicklenr3@issuu.com,17,544,242
977,zbloorer4,kcaullierer4@chron.com,6,674,173
978,echipperfieldr5,rferrareser5@parallels.com,4,889,306
979,dgroomebridger6,vwhelbandr6@google.com.br,29,34,292
980,egynnir7,psemmencer7@wordpress.com,49,994,839
981,rlaredr8,lolczakr8@hc360.com,49,17,374
982,sgalbreathr9,rmackeggr9@wired.com,27,299,879
983,dfrankishra,hsacherra@google.com.br,52,448,467
984,psimenotrb,eciobutarorb@columbia.edu,16,28,890
985,jkestlerc,bgrishuninrc@merriam-webster.com,24,262,997
986,rlidstonerd,pbolderstonerd@istockphoto.com,3,435,24
987,fspringlere,mtrimblere@dedecms.com,2,275,520
988,dsagerrf,ccasollarf@stumbleupon.com,41,799,639
989,charewoodrg,adigginsrg@usgs.gov,5,357,668
990,rthelwllrh,rsterndalerh@over-blog.com,15,991,544
991,ypluesri,jkennari@digg.com,60,999,996
992,esturgerj,mzylbermannrj@ucoz.ru,30,289,930
993,fhaxleyrk,bantonovrk@etsy.com,8,913,169
994,ksamrl,efreckletonrl@army.mil,40,293,278
995,schurnrm,pedmundsrm@godaddy.com,14,411,430
996,sbahlsrn,mcoeyrn@oaic.gov.au,1,835,52
997,fmaciaszczykro,ggrenero@cmu.edu,59,684,79
998,bmarkusrp,lclinkrp@godaddy.com,40,221,391
999,btroodrq,gmacteaguerq@vkontakte.ru,45,354,14
1000,twoodroughrr,mhardingrr@arstechnica.com,61,775,885
